[
  {
    "Id": "062f6948-6a96-f1a0-9baf-6d55c86c96d2",
    "PaymentStatus": false,
    "BookingReference": "Daron Kessler",
    "CheckIn": "2023-01-13T16:09:59.9818326+01:00",
    "CheckOut": "2023-11-22T13:40:36.7516682+01:00",
    "NoOfPeople": 3,
    "ServiceName": "Korey Walsh",
    "HotelId": "5ddbee2d-a5ee-5a72-81ae-d2bef21b45ae",
    "CustomerId": "8fd24320-3f79-6765-26b2-ad0c6df5ea09",
    "RoomTypeId": "61c22d56-ae5c-1bf5-e82c-996a295c8621",
    "PaymentId": null,
    "IsDeleted": false,
    "CreatedAt": "2023-01-13T21:26:29.8413283+01:00",
    "UpdatedAt": "2023-01-14T00:10:44.9227896+01:00"
  },
  {
    "Id": "77468965-75cd-c0cf-e1f2-a9af3e1c8ecd",
    "PaymentStatus": false,
    "BookingReference": "Amira Bahringer",
    "CheckIn": "2023-01-14T10:30:35.1972183+01:00",
    "CheckOut": "2023-04-20T06:31:49.9231547+01:00",
    "NoOfPeople": 2,
    "ServiceName": "Ben Fritsch",
    "HotelId": "0d8b88e4-3b00-db04-b608-65064c298de3",
    "CustomerId": "586b4865-a995-e467-6762-c2e5c36507e7",
    "RoomTypeId": "fca87bcf-b073-acb7-0f2c-0b18f266012d",
    "PaymentId": null,
    "IsDeleted": false,
    "CreatedAt": "2023-01-13T17:17:28.3731304+01:00",
    "UpdatedAt": "2023-01-13T17:18:06.2556932+01:00"
  },
  {
    "Id": "90c1c622-e09f-d736-9636-3c9ec2b9286c",
    "PaymentStatus": false,
    "BookingReference": "Amira West",
    "CheckIn": "2023-01-14T09:13:07.8481203+01:00",
    "CheckOut": "2023-05-28T16:45:15.6697533+01:00",
    "NoOfPeople": 5,
    "ServiceName": "Floyd Hansen",
    "HotelId": "2e35f771-8810-14c3-0f63-6ff65b6be0e9",
    "CustomerId": "cd134faf-f625-4885-337d-bc67bfa7c948",
    "RoomTypeId": "1585bb39-8148-a646-ba90-212545f14766",
    "PaymentId": null,
    "IsDeleted": false,
    "CreatedAt": "2023-01-13T14:19:51.8311931+01:00",
    "UpdatedAt": "2023-01-14T04:44:35.8961546+01:00"
  },
  {
    "Id": "f1468e64-531f-070d-848c-50c9f0cadc66",
    "PaymentStatus": false,
    "BookingReference": "Cristian Ondricka",
    "CheckIn": "2023-01-14T12:16:27.5409272+01:00",
    "CheckOut": "2023-08-21T17:40:40.0495238+01:00",
    "NoOfPeople": 5,
    "ServiceName": "Lilla Stracke",
    "HotelId": "7e2a29ca-f7a8-ce90-6745-c0b3f241823a",
    "CustomerId": "dbca97c9-07a2-ef09-cf75-ed54680dd9db",
    "RoomTypeId": "4d31a06d-4a2c-1714-8a30-4601c2e9ce9f",
    "PaymentId": null,
    "IsDeleted": false,
    "CreatedAt": "2023-01-14T02:31:25.58767+01:00",
    "UpdatedAt": "2023-01-13T14:28:31.3222919+01:00"
  },
  {
    "Id": "f8320744-8b1f-decc-928c-0f71cb31d809",
    "PaymentStatus": false,
    "BookingReference": "Tia Flatley",
    "CheckIn": "2023-01-13T15:50:07.254619+01:00",
    "CheckOut": "2023-12-12T00:27:01.2571208+01:00",
    "NoOfPeople": 2,
    "ServiceName": "Junior Volkman",
    "HotelId": "ca5079c0-4732-86c1-1012-de777ba82d03",
    "CustomerId": "70c851a5-39ab-f335-d33d-da3258ac5263",
    "RoomTypeId": "54d487a9-4c54-718c-db77-70106b679601",
    "PaymentId": null,
    "IsDeleted": false,
    "CreatedAt": "2023-01-14T06:01:51.207878+01:00",
    "UpdatedAt": "2023-01-13T18:21:20.0281713+01:00"
  },
  {
    "Id": "3bdb37ff-f330-80d1-deef-ca46be2dafa3",
    "PaymentStatus": false,
    "BookingReference": "Sister Rowe",
    "CheckIn": "2023-01-13T15:07:21.3270966+01:00",
    "CheckOut": "2023-11-20T12:30:28.7797079+01:00",
    "NoOfPeople": 4,
    "ServiceName": "Jarrod Pacocha",
    "HotelId": "bfa9a616-eb0e-987a-7337-03436f5e9c85",
    "CustomerId": "8481a583-de99-d419-d7c1-51919be11da9",
    "RoomTypeId": "56827344-9055-3572-9cdd-dc105924deb4",
    "PaymentId": null,
    "IsDeleted": false,
    "CreatedAt": "2023-01-14T02:42:44.7570031+01:00",
    "UpdatedAt": "2023-01-14T01:00:43.4010865+01:00"
  },
  {
    "Id": "1094b20b-9d60-869a-5587-852a85ea8b95",
    "PaymentStatus": false,
    "BookingReference": "Floy Runolfsdottir",
    "CheckIn": "2023-01-14T02:58:29.5260795+01:00",
    "CheckOut": "2023-11-27T16:35:26.3085374+01:00",
    "NoOfPeople": 3,
    "ServiceName": "Luther Feest",
    "HotelId": "6ba646b1-b9db-e467-dab6-9d2f0efb9d98",
    "CustomerId": "574d6ed3-8178-e7f7-808d-867b39b6bcac",
    "RoomTypeId": "eb816d97-35bf-33ff-844c-82a71e84ea79",
    "PaymentId": null,
    "IsDeleted": false,
    "CreatedAt": "2023-01-14T09:02:29.0794981+01:00",
    "UpdatedAt": "2023-01-14T01:09:47.0513992+01:00"
  },
  {
    "Id": "2e9fb28a-cd99-d2f6-b6d4-487d92c0a2e3",
    "PaymentStatus": false,
    "BookingReference": "Ashley Gerhold",
    "CheckIn": "2023-01-14T00:19:55.3653867+01:00",
    "CheckOut": "2023-11-07T22:54:35.9847979+01:00",
    "NoOfPeople": 2,
    "ServiceName": "Beaulah Dicki",
    "HotelId": "0d44454b-4be2-20a4-59bc-1833affbd2f2",
    "CustomerId": "6b5d75a2-5a79-0c5b-8502-41e1b9da1552",
    "RoomTypeId": "4aeef78c-7ebb-074b-3ed5-953e0250b942",
    "PaymentId": null,
    "IsDeleted": false,
    "CreatedAt": "2023-01-14T02:30:05.3466396+01:00",
    "UpdatedAt": "2023-01-14T11:41:47.1527905+01:00"
  },
  {
    "Id": "9f429f0c-b75f-21b5-feec-e7efddf8e9c2",
    "PaymentStatus": false,
    "BookingReference": "Madelynn Halvorson",
    "CheckIn": "2023-01-14T06:44:35.4349539+01:00",
    "CheckOut": "2023-01-20T18:23:19.969405+01:00",
    "NoOfPeople": 2,
    "ServiceName": "Destini Towne",
    "HotelId": "bec1039b-7c1a-a2c5-96a1-f25fe45ca674",
    "CustomerId": "48e2a27a-d4dc-70da-cdfc-cf5728d7a0c4",
    "RoomTypeId": "3c669b4d-6332-49c4-5f56-545a968775fa",
    "PaymentId": null,
    "IsDeleted": false,
    "CreatedAt": "2023-01-14T04:10:04.6851865+01:00",
    "UpdatedAt": "2023-01-14T05:45:56.5914539+01:00"
  },
  {
    "Id": "e3ab6239-b9c5-cdca-8213-6559f661e197",
    "PaymentStatus": false,
    "BookingReference": "Chloe McClure",
    "CheckIn": "2023-01-14T10:31:05.2109208+01:00",
    "CheckOut": "2023-11-25T06:31:32.2705589+01:00",
    "NoOfPeople": 4,
    "ServiceName": "Dock Feil",
    "HotelId": "0166e3bb-1740-fa1a-ecfc-206ffdd334b4",
    "CustomerId": "81cc184b-df68-818a-ec9a-6cbe6959ddb0",
    "RoomTypeId": "90ef8e2e-d711-de42-df07-bdc115ed0323",
    "PaymentId": null,
    "IsDeleted": false,
    "CreatedAt": "2023-01-13T23:44:02.4474893+01:00",
    "UpdatedAt": "2023-01-14T00:26:57.1147569+01:00"
  },
  {
    "Id": "a00f560e-0843-1987-2763-2ae62c647113",
    "PaymentStatus": false,
    "BookingReference": "Tyrell Quitzon",
    "CheckIn": "2023-01-14T04:30:28.1820312+01:00",
    "CheckOut": "2023-05-22T05:58:34.5055252+01:00",
    "NoOfPeople": 5,
    "ServiceName": "Carol Wyman",
    "HotelId": "bb6a9dc2-6ac6-57cc-6c7b-e57022146cbd",
    "CustomerId": "c8aa2e99-8f18-7397-8938-b62b374c57ec",
    "RoomTypeId": "0f6112ae-d517-7cc7-0954-7cde9de9d017",
    "PaymentId": null,
    "IsDeleted": false,
    "CreatedAt": "2023-01-14T07:04:55.2957992+01:00",
    "UpdatedAt": "2023-01-14T08:26:57.022038+01:00"
  },
  {
    "Id": "4f5f3376-cae2-4a62-2c90-9bac62e0b2b4",
    "PaymentStatus": false,
    "BookingReference": "Audra Daniel",
    "CheckIn": "2023-01-14T00:22:30.5541117+01:00",
    "CheckOut": "2023-12-30T19:17:40.2531897+01:00",
    "NoOfPeople": 3,
    "ServiceName": "Buford Macejkovic",
    "HotelId": "84d26cdc-030d-4230-41e0-6d3f6ed59a43",
    "CustomerId": "65dd06f1-9256-4379-ab7a-16367a2e4bee",
    "RoomTypeId": "65d02f74-99cd-611f-2710-ed9d857146fa",
    "PaymentId": null,
    "IsDeleted": false,
    "CreatedAt": "2023-01-14T04:59:38.1629431+01:00",
    "UpdatedAt": "2023-01-13T15:37:07.4883432+01:00"
  },
  {
    "Id": "0dfe97c7-ccc0-85b0-0c01-02c0e62fa950",
    "PaymentStatus": false,
    "BookingReference": "Bruce Brekke",
    "CheckIn": "2023-01-14T00:31:47.1798522+01:00",
    "CheckOut": "2023-07-26T23:32:08.8527505+01:00",
    "NoOfPeople": 3,
    "ServiceName": "Colton Paucek",
    "HotelId": "3c0c31cf-dbae-eff8-ba4f-ade7077d04a1",
    "CustomerId": "2da1b50a-628c-4c13-b4a5-377f984c97c0",
    "RoomTypeId": "437c94cf-9083-fa69-30fe-bf3cdac70128",
    "PaymentId": null,
    "IsDeleted": false,
    "CreatedAt": "2023-01-13T15:11:12.7664392+01:00",
    "UpdatedAt": "2023-01-14T00:41:45.4199447+01:00"
  },
  {
    "Id": "d50c83ff-0c00-e4e6-2d72-538af894dfde",
    "PaymentStatus": false,
    "BookingReference": "Obie Kovacek",
    "CheckIn": "2023-01-13T16:27:11.4144985+01:00",
    "CheckOut": "2023-12-29T10:49:37.8720661+01:00",
    "NoOfPeople": 5,
    "ServiceName": "Adrianna Von",
    "HotelId": "8c9aa0b0-ad59-1fac-cb60-641e46d97266",
    "CustomerId": "6b84487c-290a-22cc-40d5-e548fdb826e2",
    "RoomTypeId": "2b8021ee-c9b0-7d39-0be0-f49aee5cda75",
    "PaymentId": null,
    "IsDeleted": false,
    "CreatedAt": "2023-01-13T16:46:44.1725011+01:00",
    "UpdatedAt": "2023-01-14T12:23:05.3975596+01:00"
  },
  {
    "Id": "f08c8a69-e5b9-9f79-3da0-83c0f17ffe92",
    "PaymentStatus": false,
    "BookingReference": "Louie Kshlerin",
    "CheckIn": "2023-01-14T03:11:57.1406533+01:00",
    "CheckOut": "2023-06-28T09:22:31.4996322+01:00",
    "NoOfPeople": 2,
    "ServiceName": "Davon Russel",
    "HotelId": "07beb87c-9550-506c-0ae2-49560a59e9c6",
    "CustomerId": "2d16c229-9d00-ce9b-5a0d-d7f47513a9f3",
    "RoomTypeId": "926fab0f-9077-26cd-2452-f7e63f3ec4df",
    "PaymentId": null,
    "IsDeleted": false,
    "CreatedAt": "2023-01-14T02:04:27.3182032+01:00",
    "UpdatedAt": "2023-01-14T11:23:57.8554706+01:00"
  },
  {
    "Id": "y08c8a69-e5b9-9f79-3da0-83c0f17ffe90",
    "PaymentStatus": false,
    "BookingReference": "Louie Kshlerin",
    "CheckIn": "2023-01-14T03:11:57.1406533+01:00",
    "CheckOut": "2023-06-28T09:22:31.4996322+01:00",
    "NoOfPeople": 3,
    "ServiceName": "Davon Russel",
    "HotelId": "07beb87c-9550-506c-0ae2-49560a59e9c6",
    "CustomerId": "2d16c229-9d00-ce9b-5a0d-d7f47513a9f3",
    "RoomTypeId": "c8a0c461-887c-0bf3-6de9-a7fb9c9cec6d",
    "PaymentId": null,
    "IsDeleted": false,
    "CreatedAt": "2023-01-14T02:04:27.3182032+01:00",
    "UpdatedAt": "2023-01-14T11:23:57.8554706+01:00"
  },
  {
    "Id": "t08c8a69-e5b9-9f79-3da0-83c0f17ffe9d",
    "PaymentStatus": false,
    "BookingReference": "Louie Kshlerin",
    "CheckIn": "2023-01-14T03:11:57.1406533+01:00",
    "CheckOut": "2023-06-28T09:22:31.4996322+01:00",
    "NoOfPeople": 4,
    "ServiceName": "Davon Russel",
    "HotelId": "07beb87c-9550-506c-0ae2-49560a59e9c6",
    "CustomerId": "2d16c229-9d00-ce9b-5a0d-d7f47513a9f3",
    "RoomTypeId": "3d9654df-9e75-7fef-2974-d1b5cdb9bc0b",
    "PaymentId": null,
    "IsDeleted": false,
    "CreatedAt": "2023-01-14T02:04:27.3182032+01:00",
    "UpdatedAt": "2023-01-14T11:23:57.8554706+01:00"
  },
  {
    "Id": "q48c8a69-e5b9-9f79-3da0-83c0f17ffery",
    "PaymentStatus": false,
    "BookingReference": "Louie Kshlerin",
    "CheckIn": "2023-01-14T03:11:57.1406533+01:00",
    "CheckOut": "2023-06-28T09:22:31.4996322+01:00",
    "NoOfPeople": 2,
    "ServiceName": "Davon Russel",
    "HotelId": "07beb87c-9550-506c-0ae2-49560a59e9c6",
    "CustomerId": "2d16c229-9d00-ce9b-5a0d-d7f47513a9f3",
    "RoomTypeId": "8065ad26-3ed2-4a46-93b5-741da0accebb",
    "PaymentId": null,
    "IsDeleted": false,
    "CreatedAt": "2023-01-14T02:04:27.3182032+01:00",
    "UpdatedAt": "2023-01-14T11:23:57.8554706+01:00"
  },
  {
    "Id": "yu8c8a69-e5b9-9f79-3da0-83c0f17ffesp",
    "PaymentStatus": false,
    "BookingReference": "Louie Kshlerin",
    "CheckIn": "2023-01-14T03:11:57.1406533+01:00",
    "CheckOut": "2023-06-28T09:22:31.4996322+01:00",
    "NoOfPeople": 3,
    "ServiceName": "Davon Russel",
    "HotelId": "07beb87c-9550-506c-0ae2-49560a59e9c6",
    "CustomerId": "2d16c229-9d00-ce9b-5a0d-d7f47513a9f3",
    "RoomTypeId": "53e30373-1b7e-28c1-efc3-1beea9d40d29",
    "PaymentId": null,
    "IsDeleted": false,
    "CreatedAt": "2023-01-14T02:04:27.3182032+01:00",
    "UpdatedAt": "2023-01-14T11:23:57.8554706+01:00"
  },
  {
    "Id": "re8c8a69-e5b9-9f79-3da0-83c0f17ffeuw",
    "PaymentStatus": false,
    "BookingReference": "Louie Kshlerin",
    "CheckIn": "2023-01-14T03:11:57.1406533+01:00",
    "CheckOut": "2023-06-28T09:22:31.4996322+01:00",
    "NoOfPeople": 3,
    "ServiceName": "Davon Russel",
    "HotelId": "07beb87c-9550-506c-0ae2-49560a59e9c6",
    "CustomerId": "2d16c229-9d00-ce9b-5a0d-d7f47513a9f3",
    "RoomTypeId": "20009621-9664-0963-c355-c909a60da4bf",
    "PaymentId": null,
    "IsDeleted": false,
    "CreatedAt": "2023-01-14T02:04:27.3182032+01:00",
    "UpdatedAt": "2023-01-14T11:23:57.8554706+01:00"
  }
]

