[
  {
    "Id": "8fd24320-3f79-6765-26b2-ad0c6df5ea09",
    "CreditCard": "u2boluojg9byg9iv",
    "Address": "711 Blick Extension",
    "State": "Kansas",
    "CreatedAt": "2023-01-14T07:29:24.6151029+01:00",
    "UpdatedAt": "2023-01-13T23:18:00.741511+01:00",
    "IsDeleted": false,
    "AppUserId": "bd4760cf-c01c-4aac-8fde-4071b238241c"
  },
  {
    "Id": "586b4865-a995-e467-6762-c2e5c36507e7",
    "CreditCard": "7gx48k721olhur0f",
    "Address": "4467 Karlie Station",
    "State": "Georgia",
    "CreatedAt": "2023-01-13T10:00:42.0204322+01:00",
    "UpdatedAt": "2023-01-14T01:24:30.2154686+01:00",
    "IsDeleted": false,
    "AppUserId": "2ccd5586-51f2-444c-aa63-e13012748dfa"
  },
  {
    "Id": "cd134faf-f625-4885-337d-bc67bfa7c948",
    "CreditCard": "rufdb4bpvoju0js3",
    "Address": "723 Alene Parks",
    "State": "Ohio",
    "CreatedAt": "2023-01-13T12:45:54.8085823+01:00",
    "UpdatedAt": "2023-01-14T04:40:09.231109+01:00",
    "IsDeleted": false,
    "AppUserId": "c96777aa-0bbf-416d-aedb-5063abc67590"
  },
  {
    "Id": "dbca97c9-07a2-ef09-cf75-ed54680dd9db",
    "CreditCard": "m8o8b8fk23skg7r3",
    "Address": "10247 Hallie Dam",
    "State": "New Jersey",
    "CreatedAt": "2023-01-14T08:24:31.0734729+01:00",
    "UpdatedAt": "2023-01-13T18:49:48.3946196+01:00",
    "IsDeleted": false,
    "AppUserId": "6c0998e8-f505-49c0-8efc-0d5d90a50152"
  },
  {
    "Id": "70c851a5-39ab-f335-d33d-da3258ac5263",
    "CreditCard": "k2tae48zb6nbghqh",
    "Address": "7497 Edison Isle",
    "State": "Arizona",
    "CreatedAt": "2023-01-13T15:59:20.5919854+01:00",
    "UpdatedAt": "2023-01-13T22:03:07.1874058+01:00",
    "IsDeleted": false,
    "AppUserId": "ac2df452-4d8b-463a-9303-af2321238879"
  },
  {
    "Id": "8481a583-de99-d419-d7c1-51919be11da9",
    "CreditCard": "fomiewkxhu1yatax",
    "Address": "92248 Stone Walk",
    "State": "Rhode Island",
    "CreatedAt": "2023-01-13T22:51:08.0573645+01:00",
    "UpdatedAt": "2023-01-13T23:18:32.8342671+01:00",
    "IsDeleted": false,
    "AppUserId": "74f07007-cf49-4d55-bd60-3bdbdbc6c084"
  },
  {
    "Id": "574d6ed3-8178-e7f7-808d-867b39b6bcac",
    "CreditCard": "a7wwh2lzmuiqn1wy",
    "Address": "7095 Kaela Avenue",
    "State": "Iowa",
    "CreatedAt": "2023-01-13T14:37:00.9683494+01:00",
    "UpdatedAt": "2023-01-13T12:17:59.7306348+01:00",
    "IsDeleted": false,
    "AppUserId": "7a535491-de50-445d-a615-7e9a1023e48e"
  },
  {
    "Id": "6b5d75a2-5a79-0c5b-8502-41e1b9da1552",
    "CreditCard": "xx59yi8uebcfgr14",
    "Address": "6810 Royal Loaf",
    "State": "New Hampshire",
    "CreatedAt": "2023-01-14T03:32:29.6723202+01:00",
    "UpdatedAt": "2023-01-13T22:32:50.0234149+01:00",
    "IsDeleted": false,
    "AppUserId": "846e8182-9829-416d-9b66-e3e51b0206b3"
  },
  {
    "Id": "48e2a27a-d4dc-70da-cdfc-cf5728d7a0c4",
    "CreditCard": "b219auz7vmc38ss6",
    "Address": "670 Russel Union",
    "State": "Arizona",
    "CreatedAt": "2023-01-14T03:08:30.0043131+01:00",
    "UpdatedAt": "2023-01-13T22:07:17.66913+01:00",
    "IsDeleted": false,
    "AppUserId": "59d2d94c-79bf-4aaa-825e-d84a6b80e168"
  },
  {
    "Id": "81cc184b-df68-818a-ec9a-6cbe6959ddb0",
    "CreditCard": "ngxc4ucvgqph9vtk",
    "Address": "50932 Wisoky Knolls",
    "State": "Alaska",
    "CreatedAt": "2023-01-14T02:50:59.2072043+01:00",
    "UpdatedAt": "2023-01-14T03:00:52.7505094+01:00",
    "IsDeleted": false,
    "AppUserId": "922daede-c5ba-48c2-84c4-8b58aae2ddc5"
  },
  {
    "Id": "c8aa2e99-8f18-7397-8938-b62b374c57ec",
    "CreditCard": "4bkb2mtsf7xesonk",
    "Address": "854 Nicola Prairie",
    "State": "Wyoming",
    "CreatedAt": "2023-01-13T20:47:17.1155805+01:00",
    "UpdatedAt": "2023-01-14T03:09:14.0111881+01:00",
    "IsDeleted": false,
    "AppUserId": "d296434c-13bc-4f44-a8d7-4426bf0cbd56"
  },
  {
    "Id": "65dd06f1-9256-4379-ab7a-16367a2e4bee",
    "CreditCard": "ogl91y32mnytwthj",
    "Address": "49389 Ebert Ranch",
    "State": "Arkansas",
    "CreatedAt": "2023-01-13T16:40:46.1342504+01:00",
    "UpdatedAt": "2023-01-13T17:43:18.8629565+01:00",
    "IsDeleted": false,
    "AppUserId": "810042ea-ac3c-48c0-a7a2-8a94a192aaea"
  },
  {
    "Id": "2da1b50a-628c-4c13-b4a5-377f984c97c0",
    "CreditCard": "et7d0ihlanuckxx3",
    "Address": "84938 Casper Common",
    "State": "Arizona",
    "CreatedAt": "2023-01-14T07:57:33.21801+01:00",
    "UpdatedAt": "2023-01-14T00:02:28.8019204+01:00",
    "IsDeleted": false,
    "AppUserId": "d9b0dfd2-6c4b-47f3-ae3d-1d6cea4ad365"
  },
  {
    "Id": "6b84487c-290a-22cc-40d5-e548fdb826e2",
    "CreditCard": "c1823ppur4de9vnf",
    "Address": "5918 Kali Valleys",
    "State": "South Dakota",
    "CreatedAt": "2023-01-13T13:43:14.4902355+01:00",
    "UpdatedAt": "2023-01-14T08:33:31.8201652+01:00",
    "IsDeleted": false,
    "AppUserId": "ba4a08e2-62dc-4bfb-bfc9-972ce952102e"
  },
  {
    "Id": "2d16c229-9d00-ce9b-5a0d-d7f47513a9f3",
    "CreditCard": "z5xxm8g3cj931lz4",
    "Address": "7704 Cameron Trail",
    "State": "Tennessee",
    "CreatedAt": "2023-01-13T16:04:41.4686019+01:00",
    "UpdatedAt": "2023-01-13T23:01:49.1719188+01:00",
    "IsDeleted": false,
    "AppUserId": "d60e65f7-738d-42d8-a960-fccaced0e4a4"
  }
]
