[
  {
    "Id": "5ddbee2d-a5ee-5a72-81ae-d2bef21b45ae",
    "Name": "Pamela Denesik",
    "Description": "Architecto porro illo.",
    "Email": "Judah.Kub45@gmail.com",
    "Phone": "070318813957",
    "Address": "5257 Kilback Crossroad",
    "City": "North Zion",
    "State": "Maine",
    "AccountName": "Neil Bernier",
    "AccountNumber": "1519023865",
    "BankName": "ogxxpjbbfwedkm",
    "BankCode": "tjlg",
    "ManagerId": "97ecdee3-dce9-ef45-49f7-7586820435a5",
    "Location": "Columbusmouth",
    "Rating": "2",
    "IsDeleted": false,
    "CreatedAt": "2023-01-14T01:53:22.1239764+01:00",
    "UpdatedAt": "2023-01-13T18:33:56.4722782+01:00"
  },
  {
    "Id": "0d8b88e4-3b00-db04-b608-65064c298de3",
    "Name": "Bailee Jaskolski",
    "Description": "Animi corrupti sint aut placeat qui autem.",
    "Email": "Alysha25@hotmail.com",
    "Phone": "070796544655",
    "Address": "2106 Sadye Inlet",
    "City": "East Guston",
    "State": "Mississippi",
    "AccountName": "Mayra Heathcote",
    "AccountNumber": "1352757431",
    "BankName": "wivtgpooduixcf",
    "BankCode": "jxfm",
    "ManagerId": "97ecdee3-dce9-ef45-49f7-7586820435a5",
    "Location": "Lake Loyal",
    "Rating": "0",
    "IsDeleted": false,
    "CreatedAt": "2023-01-13T12:31:26.5267214+01:00",
    "UpdatedAt": "2023-01-13T22:27:20.1716556+01:00"
  },
  {
    "Id": "2e35f771-8810-14c3-0f63-6ff65b6be0e9",
    "Name": "Cassandre Kling",
    "Description": "Ex quis esse quia asperiores.",
    "Email": "Lexi_Pouros@hotmail.com",
    "Phone": "070167314511",
    "Address": "9792 Torp Roads",
    "City": "Adanmouth",
    "State": "Indiana",
    "AccountName": "Aniya Zemlak",
    "AccountNumber": "1390755530",
    "BankName": "rpdqvefmnmgonv",
    "BankCode": "xnpj",
    "ManagerId": "97ecdee3-dce9-ef45-49f7-7586820435a5",
    "Location": "Shainashire",
    "Rating": "0",
    "IsDeleted": false,
    "CreatedAt": "2023-01-13T10:59:00.0804823+01:00",
    "UpdatedAt": "2023-01-13T14:31:17.4643874+01:00"
  },
  {
    "Id": "7e2a29ca-f7a8-ce90-6745-c0b3f241823a",
    "Name": "Julius Waters",
    "Description": "Autem fuga perferendis laboriosam eos est voluptatem repudiandae animi autem.",
    "Email": "Demond_Little10@gmail.com",
    "Phone": "070870549712",
    "Address": "08206 Seth Trace",
    "City": "Janemouth",
    "State": "Texas",
    "AccountName": "Giovanna Mohr",
    "AccountNumber": "1381267928",
    "BankName": "qhnsyojomakbkk",
    "BankCode": "adzv",
    "ManagerId": "06d6a894-7e47-2fc8-6563-2ae52ee997bb",
    "Location": "Kuhicville",
    "Rating": "0",
    "IsDeleted": false,
    "CreatedAt": "2023-01-13T10:56:18.6696145+01:00",
    "UpdatedAt": "2023-01-13T20:21:01.0597075+01:00"
  },
  {
    "Id": "ca5079c0-4732-86c1-1012-de777ba82d03",
    "Name": "Hayden Konopelski",
    "Description": "Et consequatur accusantium aspernatur aut.",
    "Email": "Rylee.Raynor32@yahoo.com",
    "Phone": "070611402884",
    "Address": "7335 Dayton Parkways",
    "City": "Effertzmouth",
    "State": "Washington",
    "AccountName": "Aurelia Ruecker",
    "AccountNumber": "1242469129",
    "BankName": "ecyrzvdggtgnzn",
    "BankCode": "rdwb",
    "ManagerId": "06d6a894-7e47-2fc8-6563-2ae52ee997bb",
    "Location": "South Norbertport",
    "Rating": "1",
    "IsDeleted": false,
    "CreatedAt": "2023-01-13T16:01:05.1289275+01:00",
    "UpdatedAt": "2023-01-14T07:48:11.4158539+01:00"
  },
  {
    "Id": "bfa9a616-eb0e-987a-7337-03436f5e9c85",
    "Name": "Deion Huel",
    "Description": "Temporibus in quia odio ad.",
    "Email": "Rashad.Rau@hotmail.com",
    "Phone": "070655351916",
    "Address": "484 Ayana River",
    "City": "Veldamouth",
    "State": "Iowa",
    "AccountName": "Skye Satterfield",
    "AccountNumber": "1447216154",
    "BankName": "gujjudrdkgyqzu",
    "BankCode": "cqwo",
    "ManagerId": "06d6a894-7e47-2fc8-6563-2ae52ee997bb",
    "Location": "South Kallie",
    "Rating": "0",
    "IsDeleted": false,
    "CreatedAt": "2023-01-13T17:33:10.5985673+01:00",
    "UpdatedAt": "2023-01-13T13:35:08.9106062+01:00"
  },
  {
    "Id": "6ba646b1-b9db-e467-dab6-9d2f0efb9d98",
    "Name": "Santa Fritsch",
    "Description": "Porro optio est molestias corporis.",
    "Email": "Eve34@hotmail.com",
    "Phone": "070780904025",
    "Address": "4942 Deckow River",
    "City": "Treyfort",
    "State": "Virginia",
    "AccountName": "Herminia Von",
    "AccountNumber": "1321370195",
    "BankName": "ocpvqkctotvzxn",
    "BankCode": "waju",
    "ManagerId": "bc0ff503-183b-e114-13c2-52b04fea7a68",
    "Location": "North Jacquelyn",
    "Rating": "2",
    "IsDeleted": false,
    "CreatedAt": "2023-01-14T06:34:15.2837288+01:00",
    "UpdatedAt": "2023-01-14T01:46:08.0588491+01:00"
  },
  {
    "Id": "0d44454b-4be2-20a4-59bc-1833affbd2f2",
    "Name": "Johanna Deckow",
    "Description": "Qui nobis vel culpa ipsa qui possimus.",
    "Email": "Pierce68@hotmail.com",
    "Phone": "070337407138",
    "Address": "75694 Monique Roads",
    "City": "Toyland",
    "State": "Wyoming",
    "AccountName": "Emmie Rutherford",
    "AccountNumber": "1454602092",
    "BankName": "wlqllijaivkezh",
    "BankCode": "wjbr",
    "ManagerId": "bc0ff503-183b-e114-13c2-52b04fea7a68",
    "Location": "Muellerton",
    "Rating": "0",
    "IsDeleted": false,
    "CreatedAt": "2023-01-13T17:46:56.4598891+01:00",
    "UpdatedAt": "2023-01-13T21:39:58.304423+01:00"
  },
  {
    "Id": "bec1039b-7c1a-a2c5-96a1-f25fe45ca674",
    "Name": "Vada Schroeder",
    "Description": "Repellat natus animi omnis accusantium minus et qui.",
    "Email": "Orlando.Will11@yahoo.com",
    "Phone": "070974131020",
    "Address": "09860 Reilly Vista",
    "City": "Bufordfort",
    "State": "Wyoming",
    "AccountName": "Lyda Yundt",
    "AccountNumber": "1278315317",
    "BankName": "iqwmueohjntjnd",
    "BankCode": "wsmp",
    "ManagerId": "bc0ff503-183b-e114-13c2-52b04fea7a68",
    "Location": "West Lonzo",
    "Rating": "0",
    "IsDeleted": false,
    "CreatedAt": "2023-01-13T22:46:30.0244522+01:00",
    "UpdatedAt": "2023-01-13T12:53:47.9961928+01:00"
  },
  {
    "Id": "0166e3bb-1740-fa1a-ecfc-206ffdd334b4",
    "Name": "Magali Will",
    "Description": "Dolores harum officia delectus amet impedit facilis.",
    "Email": "Alta.Graham@hotmail.com",
    "Phone": "070807325015",
    "Address": "4385 Jeanie Trail",
    "City": "South Mariellefurt",
    "State": "Nevada",
    "AccountName": "Kelli Haley",
    "AccountNumber": "1673328765",
    "BankName": "cyhkepeqcoigit",
    "BankCode": "pjfi",
    "ManagerId": "63778b0a-abd0-8375-7e31-5b5add5855fc",
    "Location": "Breitenbergborough",
    "Rating": "0",
    "IsDeleted": false,
    "CreatedAt": "2023-01-13T22:49:46.6563638+01:00",
    "UpdatedAt": "2023-01-13T19:52:25.4508022+01:00"
  },
  {
    "Id": "bb6a9dc2-6ac6-57cc-6c7b-e57022146cbd",
    "Name": "Omari Jacobi",
    "Description": "Non provident magni molestias voluptatibus ut unde.",
    "Email": "Jenifer_Kunde70@gmail.com",
    "Phone": "070464478600",
    "Address": "725 Rubye Fields",
    "City": "Bettieside",
    "State": "Oregon",
    "AccountName": "Amy Heller",
    "AccountNumber": "1622785063",
    "BankName": "sxdyzxorfipsjg",
    "BankCode": "zrbk",
    "ManagerId": "63778b0a-abd0-8375-7e31-5b5add5855fc",
    "Location": "Wiegandfort",
    "Rating": "2",
    "IsDeleted": false,
    "CreatedAt": "2023-01-13T17:46:22.8974172+01:00",
    "UpdatedAt": "2023-01-14T04:10:52.4017917+01:00"
  },
  {
    "Id": "84d26cdc-030d-4230-41e0-6d3f6ed59a43",
    "Name": "Talon Windler",
    "Description": "Voluptas aspernatur omnis hic ea praesentium reiciendis dolore ut vitae.",
    "Email": "Ashtyn.Johnson1@hotmail.com",
    "Phone": "070170790961",
    "Address": "677 Hettie Harbors",
    "City": "New Lillieville",
    "State": "South Carolina",
    "AccountName": "Zion Upton",
    "AccountNumber": "2063018074",
    "BankName": "ilysnbpdfeqevf",
    "BankCode": "egfi",
    "ManagerId": "63778b0a-abd0-8375-7e31-5b5add5855fc",
    "Location": "Alejandraton",
    "Rating": "0",
    "IsDeleted": false,
    "CreatedAt": "2023-01-13T14:47:48.289637+01:00",
    "UpdatedAt": "2023-01-13T22:16:58.4973281+01:00"
  },
  {
    "Id": "3c0c31cf-dbae-eff8-ba4f-ade7077d04a1",
    "Name": "Mohammad Waelchi",
    "Description": "Repudiandae quaerat culpa mollitia similique dolore.",
    "Email": "Savannah.Cruickshank12@yahoo.com",
    "Phone": "070685882291",
    "Address": "26282 Krajcik Oval",
    "City": "East Darian",
    "State": "South Carolina",
    "AccountName": "Emilia Abernathy",
    "AccountNumber": "1484381976",
    "BankName": "jntulppudvmide",
    "BankCode": "kmub",
    "ManagerId": "6c7c2f0f-b70e-fbcc-9abe-fd308d99f7e0",
    "Location": "South Alexis",
    "Rating": "5",
    "IsDeleted": false,
    "CreatedAt": "2023-01-14T07:37:31.565464+01:00",
    "UpdatedAt": "2023-01-13T13:17:56.7544514+01:00"
  },
  {
    "Id": "8c9aa0b0-ad59-1fac-cb60-641e46d97266",
    "Name": "Norbert Hansen",
    "Description": "Cum neque voluptas.",
    "Email": "Margarett.Reynolds86@hotmail.com",
    "Phone": "070344267019",
    "Address": "399 Gusikowski Plaza",
    "City": "New Hope",
    "State": "South Dakota",
    "AccountName": "Francis Borer",
    "AccountNumber": "1872911238",
    "BankName": "hyjhiautwzartf",
    "BankCode": "pxbn",
    "ManagerId": "6c7c2f0f-b70e-fbcc-9abe-fd308d99f7e0",
    "Location": "Zettabury",
    "Rating": "5",
    "IsDeleted": false,
    "CreatedAt": "2023-01-13T10:30:12.4893671+01:00",
    "UpdatedAt": "2023-01-14T04:11:29.6426602+01:00"
  },
  {
    "Id": "07beb87c-9550-506c-0ae2-49560a59e9c6",
    "Name": "Elvera Brekke",
    "Description": "Voluptas ut earum expedita officia laborum magni.",
    "Email": "Nola78@gmail.com",
    "Phone": "070069497081",
    "Address": "423 Dariana Ford",
    "City": "South Ewellfurt",
    "State": "New Mexico",
    "AccountName": "Brannon Heller",
    "AccountNumber": "2070188069",
    "BankName": "zbayakhopfsxob",
    "BankCode": "ezdj",
    "ManagerId": "6c7c2f0f-b70e-fbcc-9abe-fd308d99f7e0",
    "Location": "Laylashire",
    "Rating": "2",
    "IsDeleted": false,
    "CreatedAt": "2023-01-14T03:12:01.772275+01:00",
    "UpdatedAt": "2023-01-13T14:30:08.3800893+01:00"
  }
]
