[
  {
    "Id": "b76a1309-65a8-2417-097d-02920fef3ce8",
    "Comment": "Nulla qui sequi deserunt dolorem suscipit.",
    "HotelId": "5ddbee2d-a5ee-5a72-81ae-d2bef21b45ae",
    "CustomerId": "8fd24320-3f79-6765-26b2-ad0c6df5ea09",
    "IsDeleted": false,
    "CreatedAt": "2023-01-17T15:02:49.700715+01:00",
    "UpdatedAt": "0001-01-01T00:00:00"
  },
  {
    "Id": "4dce9070-553c-457f-8269-ea95032b4323",
    "Comment": "Et error vel laborum possimus labore a sint beatae.",
    "HotelId": "3c0c31cf-dbae-eff8-ba4f-ade7077d04a1",
    "CustomerId": "65dd06f1-9256-4379-ab7a-16367a2e4bee",
    "IsDeleted": false,
    "CreatedAt": "2023-01-17T15:02:49.7291343+01:00",
    "UpdatedAt": "0001-01-01T00:00:00"
  },
  {
    "Id": "1418b613-7e1b-b7a2-4ef5-97e3bca00a24",
    "Comment": "Animi magnam molestiae aliquid animi sit praesentium.",
    "HotelId": "0d8b88e4-3b00-db04-b608-65064c298de3",
    "CustomerId": "586b4865-a995-e467-6762-c2e5c36507e7",
    "IsDeleted": false,
    "CreatedAt": "2023-01-17T15:02:49.7291807+01:00",
    "UpdatedAt": "0001-01-01T00:00:00"
  },
  {
    "Id": "1e3a595f-825f-6290-95c9-98baa2785026",
    "Comment": "Est necessitatibus ipsam corrupti quae fuga qui repellendus nam.",
    "HotelId": "2e35f771-8810-14c3-0f63-6ff65b6be0e9",
    "CustomerId": "cd134faf-f625-4885-337d-bc67bfa7c948",
    "IsDeleted": false,
    "CreatedAt": "2023-01-17T15:02:49.7291851+01:00",
    "UpdatedAt": "0001-01-01T00:00:00"
  },
  {
    "Id": "2e97ee9e-2b8d-9b34-4f7b-2f828fa3c7a1",
    "Comment": "Id aut quo sit ratione ad ut hic.",
    "HotelId": "7e2a29ca-f7a8-ce90-6745-c0b3f241823a",
    "CustomerId": "dbca97c9-07a2-ef09-cf75-ed54680dd9db",
    "IsDeleted": false,
    "CreatedAt": "2023-01-17T15:02:49.7291885+01:00",
    "UpdatedAt": "0001-01-01T00:00:00"
  },
  {
    "Id": "9c7349d8-3f25-22aa-fc2f-7e9640c4f72f",
    "Comment": "Minima dicta quo sunt suscipit unde.",
    "HotelId": "ca5079c0-4732-86c1-1012-de777ba82d03",
    "CustomerId": "70c851a5-39ab-f335-d33d-da3258ac5263",
    "IsDeleted": false,
    "CreatedAt": "2023-01-17T15:02:49.7291915+01:00",
    "UpdatedAt": "0001-01-01T00:00:00"
  },
  {
    "Id": "f7652815-bfb5-a22a-aa6b-116f8006df8f",
    "Comment": "Id odio enim consequatur nemo quia qui.",
    "HotelId": "bfa9a616-eb0e-987a-7337-03436f5e9c85",
    "CustomerId": "8481a583-de99-d419-d7c1-51919be11da9",
    "IsDeleted": false,
    "CreatedAt": "2023-01-17T15:02:49.7291935+01:00",
    "UpdatedAt": "0001-01-01T00:00:00"
  },
  {
    "Id": "d054bc26-adcf-5002-ff14-d3d3082c0032",
    "Comment": "Enim eveniet nostrum sit omnis ut aut.",
    "HotelId": "6ba646b1-b9db-e467-dab6-9d2f0efb9d98",
    "CustomerId": "574d6ed3-8178-e7f7-808d-867b39b6bcac",
    "IsDeleted": false,
    "CreatedAt": "2023-01-17T15:02:49.7291959+01:00",
    "UpdatedAt": "0001-01-01T00:00:00"
  },
  {
    "Id": "a5486497-e456-901c-e91d-d9a60fd69d0c",
    "Comment": "Modi dolorem eos id occaecati minus.",
    "HotelId": "0d44454b-4be2-20a4-59bc-1833affbd2f2",
    "CustomerId": "6b5d75a2-5a79-0c5b-8502-41e1b9da1552",
    "IsDeleted": false,
    "CreatedAt": "2023-01-17T15:02:49.7292055+01:00",
    "UpdatedAt": "0001-01-01T00:00:00"
  },
  {
    "Id": "7bade6a5-0bd1-aa7a-0b10-e9675af62969",
    "Comment": "Fugit quia sapiente exercitationem odio ipsa et voluptatem natus.",
    "HotelId": "bec1039b-7c1a-a2c5-96a1-f25fe45ca674",
    "CustomerId": "48e2a27a-d4dc-70da-cdfc-cf5728d7a0c4",
    "IsDeleted": false,
    "CreatedAt": "2023-01-17T15:02:49.729208+01:00",
    "UpdatedAt": "0001-01-01T00:00:00"
  },
  {
    "Id": "6a38bffe-e1cb-17b8-e36d-3dc7d171aa8a",
    "Comment": "Ut est facilis qui fuga omnis est qui qui iusto.",
    "HotelId": "0166e3bb-1740-fa1a-ecfc-206ffdd334b4",
    "CustomerId": "81cc184b-df68-818a-ec9a-6cbe6959ddb0",
    "IsDeleted": false,
    "CreatedAt": "2023-01-17T15:02:49.7292107+01:00",
    "UpdatedAt": "0001-01-01T00:00:00"
  },
  {
    "Id": "c2eefa8c-c265-8627-104d-9dbd7519bb70",
    "Comment": "Sed nobis quis omnis numquam quae adipisci.",
    "HotelId": "bb6a9dc2-6ac6-57cc-6c7b-e57022146cbd",
    "CustomerId": "c8aa2e99-8f18-7397-8938-b62b374c57ec",
    "IsDeleted": false,
    "CreatedAt": "2023-01-17T15:02:49.7292135+01:00",
    "UpdatedAt": "0001-01-01T00:00:00"
  },
  {
    "Id": "6aa6a481-6a88-c82a-b6d3-85d5ba5f68fa",
    "Comment": "Ut praesentium quia.",
    "HotelId": "84d26cdc-030d-4230-41e0-6d3f6ed59a43",
    "CustomerId": "2da1b50a-628c-4c13-b4a5-377f984c97c0",
    "IsDeleted": false,
    "CreatedAt": "2023-01-17T15:02:49.7292157+01:00",
    "UpdatedAt": "0001-01-01T00:00:00"
  },
  {
    "Id": "611cc35a-23e5-bc15-468e-ed04125dc52a",
    "Comment": "Consequuntur deserunt eos numquam officiis cumque.",
    "HotelId": "8c9aa0b0-ad59-1fac-cb60-641e46d97266",
    "CustomerId": "6b84487c-290a-22cc-40d5-e548fdb826e2",
    "IsDeleted": false,
    "CreatedAt": "2023-01-17T15:02:49.7292173+01:00",
    "UpdatedAt": "0001-01-01T00:00:00"
  },
  {
    "Id": "abbceb18-d8c5-a9ae-efea-492653891533",
    "Comment": "Odit ut illum ipsam officiis.",
    "HotelId": "07beb87c-9550-506c-0ae2-49560a59e9c6",
    "CustomerId": "2d16c229-9d00-ce9b-5a0d-d7f47513a9f3",
    "IsDeleted": false,
    "CreatedAt": "2023-01-17T15:02:49.7292228+01:00",
    "UpdatedAt": "0001-01-01T00:00:00"
  }
]
