[
  {
    "Id": "61c22d56-ae5c-1bf5-e82c-996a295c8621",
    "HotelId": "5ddbee2d-a5ee-5a72-81ae-d2bef21b45ae",
    "Name": "Bridget",
    "Description": "Aut quam doloremque libero veritatis voluptatem.",
    "Price": 17191,
    "Discount": 3300,
    "Thumbnail": "dpkrnbmbabzolwr",
    "Available": 2,
    "IsDeleted": false,
    "CreatedAt": "2023-01-14T14:15:35.505589+01:00",
    "UpdatedAt": "0001-01-01T00:00:00"
  },
  {
    "Id": "fca87bcf-b073-acb7-0f2c-0b18f266012d",
    "HotelId": "0d8b88e4-3b00-db04-b608-65064c298de3",
    "Name": "Hank",
    "Description": "Placeat omnis dolorem et illo error libero possimus autem voluptas.",
    "Price": 18853,
    "Discount": 2968,
    "Thumbnail": "wrksondojrjgfry",
    "Available": 1,
    "IsDeleted": false,
    "CreatedAt": "2023-01-14T14:15:35.5338111+01:00",
    "UpdatedAt": "0001-01-01T00:00:00"
  },
  {
    "Id": "1585bb39-8148-a646-ba90-212545f14766",
    "HotelId": "5ddbee2d-a5ee-5a72-81ae-d2bef21b45ae",
    "Name": "Caden",
    "Description": "Rerum ratione neque iure dolores maxime.",
    "Price": 24022,
    "Discount": 4350,
    "Thumbnail": "lqrmasrajachtpo",
    "Available": 7,
    "IsDeleted": false,
    "CreatedAt": "2023-01-14T14:15:35.533852+01:00",
    "UpdatedAt": "0001-01-01T00:00:00"
  },
  {
    "Id": "4d31a06d-4a2c-1714-8a30-4601c2e9ce9f",
    "HotelId": "0d8b88e4-3b00-db04-b608-65064c298de3",
    "Name": "Beverly",
    "Description": "Porro sapiente in quam.",
    "Price": 20511,
    "Discount": 3170,
    "Thumbnail": "mrwtkfopglbkyfp",
    "Available": 9,
    "IsDeleted": false,
    "CreatedAt": "2023-01-14T14:15:35.5338573+01:00",
    "UpdatedAt": "0001-01-01T00:00:00"
  },
  {
    "Id": "54d487a9-4c54-718c-db77-70106b679601",
    "HotelId": "2e35f771-8810-14c3-0f63-6ff65b6be0e9",
    "Name": "Manuela",
    "Description": "Et praesentium esse tempora.",
    "Price": 16169,
    "Discount": 2966,
    "Thumbnail": "yxvjavbuwhlamvy",
    "Available": 5,
    "IsDeleted": false,
    "CreatedAt": "2023-01-14T14:15:35.5338606+01:00",
    "UpdatedAt": "0001-01-01T00:00:00"
  },
  {
    "Id": "56827344-9055-3572-9cdd-dc105924deb4",
    "HotelId": "2e35f771-8810-14c3-0f63-6ff65b6be0e9",
    "Name": "Franco",
    "Description": "Voluptates sit natus iusto consequuntur.",
    "Price": 24263,
    "Discount": 4643,
    "Thumbnail": "udjwhyxpixniuur",
    "Available": 4,
    "IsDeleted": false,
    "CreatedAt": "2023-01-14T14:15:35.5338638+01:00",
    "UpdatedAt": "0001-01-01T00:00:00"
  },
  {
    "Id": "eb816d97-35bf-33ff-844c-82a71e84ea79",
    "HotelId": "7e2a29ca-f7a8-ce90-6745-c0b3f241823a",
    "Name": "Triston",
    "Description": "Soluta in enim non.",
    "Price": 23174,
    "Discount": 4721,
    "Thumbnail": "wikcbzfmevjuqlu",
    "Available": 1,
    "IsDeleted": false,
    "CreatedAt": "2023-01-14T14:15:35.5338674+01:00",
    "UpdatedAt": "0001-01-01T00:00:00"
  },
  {
    "Id": "4aeef78c-7ebb-074b-3ed5-953e0250b942",
    "HotelId": "ca5079c0-4732-86c1-1012-de777ba82d03",
    "Name": "Brennan",
    "Description": "Suscipit ex dolor accusamus eligendi aliquid.",
    "Price": 18894,
    "Discount": 4731,
    "Thumbnail": "sybftcxesvxwzga",
    "Available": 1,
    "IsDeleted": false,
    "CreatedAt": "2023-01-14T14:15:35.5338702+01:00",
    "UpdatedAt": "0001-01-01T00:00:00"
  },
  {
    "Id": "3c669b4d-6332-49c4-5f56-545a968775fa",
    "HotelId": "bfa9a616-eb0e-987a-7337-03436f5e9c85",
    "Name": "Gretchen",
    "Description": "Sint nisi sed et doloremque et quod.",
    "Price": 17858,
    "Discount": 3994,
    "Thumbnail": "wafwioojviedbey",
    "Available": 10,
    "IsDeleted": false,
    "CreatedAt": "2023-01-14T14:15:35.5338772+01:00",
    "UpdatedAt": "0001-01-01T00:00:00"
  },
  {
    "Id": "90ef8e2e-d711-de42-df07-bdc115ed0323",
    "HotelId": "6ba646b1-b9db-e467-dab6-9d2f0efb9d98",
    "Name": "Harmon",
    "Description": "Quibusdam et nostrum et tempore voluptate distinctio ut dolores.",
    "Price": 22232,
    "Discount": 3493,
    "Thumbnail": "tbjxzhxhelcgwug",
    "Available": 6,
    "IsDeleted": false,
    "CreatedAt": "2023-01-14T14:15:35.5338807+01:00",
    "UpdatedAt": "0001-01-01T00:00:00"
  },
  {
    "Id": "0f6112ae-d517-7cc7-0954-7cde9de9d017",
    "HotelId": "0d44454b-4be2-20a4-59bc-1833affbd2f2",
    "Name": "Levi",
    "Description": "Vel dolor sed voluptatem et vel non.",
    "Price": 22002,
    "Discount": 4975,
    "Thumbnail": "fmwwnlbneouqbgz",
    "Available": 5,
    "IsDeleted": false,
    "CreatedAt": "2023-01-14T14:15:35.5338846+01:00",
    "UpdatedAt": "0001-01-01T00:00:00"
  },
  {
    "Id": "65d02f74-99cd-611f-2710-ed9d857146fa",
    "HotelId": "bec1039b-7c1a-a2c5-96a1-f25fe45ca674",
    "Name": "Rashad",
    "Description": "Animi tempore alias deleniti porro soluta.",
    "Price": 22588,
    "Discount": 3555,
    "Thumbnail": "bxlbhhvwdgsvemk",
    "Available": 5,
    "IsDeleted": false,
    "CreatedAt": "2023-01-14T14:15:35.5338878+01:00",
    "UpdatedAt": "0001-01-01T00:00:00"
  },
  {
    "Id": "437c94cf-9083-fa69-30fe-bf3cdac70128",
    "HotelId": "0166e3bb-1740-fa1a-ecfc-206ffdd334b4",
    "Name": "Jay",
    "Description": "Et facilis commodi perspiciatis.",
    "Price": 20513,
    "Discount": 2138,
    "Thumbnail": "bmpquwwrhxfzdyo",
    "Available": 4,
    "IsDeleted": false,
    "CreatedAt": "2023-01-14T14:15:35.533891+01:00",
    "UpdatedAt": "0001-01-01T00:00:00"
  },
  {
    "Id": "2b8021ee-c9b0-7d39-0be0-f49aee5cda75",
    "HotelId": "bb6a9dc2-6ac6-57cc-6c7b-e57022146cbd",
    "Name": "Clyde",
    "Description": "Impedit aliquid facere delectus sint in asperiores.",
    "Price": 16951,
    "Discount": 3182,
    "Thumbnail": "ppdsvfueuftoomn",
    "Available": 5,
    "IsDeleted": false,
    "CreatedAt": "2023-01-14T14:15:35.5338969+01:00",
    "UpdatedAt": "0001-01-01T00:00:00"
  },
  {
    "Id": "926fab0f-9077-26cd-2452-f7e63f3ec4df",
    "HotelId": "84d26cdc-030d-4230-41e0-6d3f6ed59a43",
    "Name": "Claudie",
    "Description": "Porro necessitatibus non nihil nesciunt tenetur qui qui.",
    "Price": 24902,
    "Discount": 4702,
    "Thumbnail": "klkwevbxnebmqny",
    "Available": 1,
    "IsDeleted": false,
    "CreatedAt": "2023-01-14T14:15:35.5339007+01:00",
    "UpdatedAt": "0001-01-01T00:00:00"
  },
  {
    "Id": "c8a0c461-887c-0bf3-6de9-a7fb9c9cec6d",
    "HotelId": "3c0c31cf-dbae-eff8-ba4f-ade7077d04a1",
    "Name": "Earnestine",
    "Description": "Provident totam dolores quibusdam.",
    "Price": 15039,
    "Discount": 3100,
    "Thumbnail": "ivbekihuiohauzd",
    "Available": 8,
    "IsDeleted": false,
    "CreatedAt": "2023-01-14T14:15:35.5339042+01:00",
    "UpdatedAt": "0001-01-01T00:00:00"
  },
  {
    "Id": "3d9654df-9e75-7fef-2974-d1b5cdb9bc0b",
    "HotelId": "07beb87c-9550-506c-0ae2-49560a59e9c6",
    "Name": "Jermain",
    "Description": "Sunt sed illo quibusdam est quo laudantium explicabo dolore.",
    "Price": 17027,
    "Discount": 3894,
    "Thumbnail": "vyptlivadgivdju",
    "Available": 2,
    "IsDeleted": false,
    "CreatedAt": "2023-01-14T14:15:35.5339071+01:00",
    "UpdatedAt": "0001-01-01T00:00:00"
  },
  {
    "Id": "8065ad26-3ed2-4a46-93b5-741da0accebb",
    "HotelId": "7e2a29ca-f7a8-ce90-6745-c0b3f241823a",
    "Name": "Jacky",
    "Description": "Maxime qui distinctio architecto.",
    "Price": 16248,
    "Discount": 3789,
    "Thumbnail": "augkzovhgunlkuw",
    "Available": 6,
    "IsDeleted": false,
    "CreatedAt": "2023-01-14T14:15:35.5339108+01:00",
    "UpdatedAt": "0001-01-01T00:00:00"
  },
  {
    "Id": "53e30373-1b7e-28c1-efc3-1beea9d40d29",
    "HotelId": "ca5079c0-4732-86c1-1012-de777ba82d03",
    "Name": "Robbie",
    "Description": "Ullam ducimus voluptas et dicta dolor totam voluptatem accusamus ratione.",
    "Price": 22703,
    "Discount": 3012,
    "Thumbnail": "jxeabebncqhnohl",
    "Available": 0,
    "IsDeleted": false,
    "CreatedAt": "2023-01-14T14:15:35.5339135+01:00",
    "UpdatedAt": "0001-01-01T00:00:00"
  },
  {
    "Id": "20009621-9664-0963-c355-c909a60da4bf",
    "HotelId": "bfa9a616-eb0e-987a-7337-03436f5e9c85",
    "Name": "Arnaldo",
    "Description": "Illo qui quo non minus voluptates voluptatum vel.",
    "Price": 20886,
    "Discount": 4351,
    "Thumbnail": "mphzceehqvtsdey",
    "Available": 6,
    "IsDeleted": false,
    "CreatedAt": "2023-01-14T14:15:35.5339213+01:00",
    "UpdatedAt": "0001-01-01T00:00:00"
  }
]