[
  {
    "id": "5765c13a-f609-4f8e-96b5-08a0f7c146ac",
    "FirstName": "Dyan",
    "LastName": "Capron",
    "UserName": "dcapron0",
    "Email": "dcapron0@loc.gov",
    "Password": "Pass@123",
    "Phone": "153-937-6348",
    "Gender": "Male",
    "Age": 36,
    "IsActive": true,
    "PublicId": null,
    "Avatar": "https://this-person-does-not-exist.com/img/avatar-9e9cd45e0428ff4b319c126377fae751.jpg",
    "CreatedAt": "3/25/2021",
    "UpdatedAt": "8/7/2021",
    "Manager": {
      "Id": "97ecdee3-dce9-ef45-49f7-7586820435a5",
      "BusinessEmail": "Kitty.Simonis90@yahoo.com",
      "BusinessPhone": "070882975095",
      "Address": "26347 Destiny Shore",
      "State": "Delaware",
      "CreatedAt": "2023-01-13T23:15:01.0128107+01:00",
      "UpdatedAt": "2023-01-13T19:15:03.7956326+01:00",
      "IsDeleted": false,
      "AppUserId": "5765c13a-f609-4f8e-96b5-08a0f7c146ac"
    }
  },
  {
    "id": "a84d25d7-a7ba-4b99-b757-8a52a25f61d5",
    "FirstName": "Lek",
    "LastName": "Felder",
    "UserName": "lfelder1",
    "Email": "lfelder1@networkadvertising.org",
    "Password": "Pass@123",
    "Phone": "229-887-9046",
    "Gender": "Male",
    "Age": 27,
    "IsActive": true,
    "PublicId": null,
    "Avatar": "https://this-person-does-not-exist.com/img/avatar-39820a201b323c88756c8673ad38ff49.jpg",
    "CreatedAt": "10/19/2020",
    "UpdatedAt": "4/26/2021",
    "Manager": {
      "Id": "06d6a894-7e47-2fc8-6563-2ae52ee997bb",
      "BusinessEmail": "Litzy.Kessler71@hotmail.com",
      "BusinessPhone": "070959217175",
      "Address": "313 Russell Meadows",
      "State": "Minnesota",
      "CreatedAt": "2023-01-13T14:23:14.5932479+01:00",
      "UpdatedAt": "2023-01-14T00:21:38.3367299+01:00",
      "IsDeleted": false,
      "AppUserId": "a84d25d7-a7ba-4b99-b757-8a52a25f61d5"
    }
  },
  {
    "id": "d7638183-f0a4-4188-9fa1-517ee2c2dbdf",
    "FirstName": "Mikael",
    "LastName": "Pabel",
    "UserName": "mpabel2",
    "Email": "mpabel2@friendfeed.com",
    "Password": "Password@123",
    "Phone": "437-636-5421",
    "Gender": "Male",
    "Age": 34,
    "IsActive": true,
    "PublicId": null,
    "Avatar": "https://images.generated.photos/K_gRdai8YbcnXWP7yV9VDSKhqbWOk29dLGl6xhYOaGM/rs:fit:512:512/wm:0.95:sowe:18:18:0.33/czM6Ly9pY29uczgu/Z3Bob3Rvcy1wcm9k/LnBob3Rvcy92M18w/MjAwMDg2LmpwZw.jpg",
    "CreatedAt": "1/24/2021",
    "UpdatedAt": "4/26/2021",
    "Manager": {
      "Id": "bc0ff503-183b-e114-13c2-52b04fea7a68",
      "BusinessEmail": "Randal91@yahoo.com",
      "BusinessPhone": "070172072603",
      "Address": "575 Hauck Stream",
      "State": "South Dakota",
      "CreatedAt": "2023-01-13T11:57:04.4461672+01:00",
      "UpdatedAt": "2023-01-13T14:17:07.3107257+01:00",
      "IsDeleted": false,
      "AppUserId": "d7638183-f0a4-4188-9fa1-517ee2c2dbdf"
    }
  },
  {
    "id": "e495a8d1-6fd6-4bc8-b23a-b6d4e6b6623c",
    "FirstName": "Gray",
    "LastName": "Handley",
    "UserName": "ghandley3",
    "Email": "ghandley3@ovh.net",
    "Password": "Password@123",
    "Phone": "604-410-3893",
    "Gender": "Female",
    "Age": 36,
    "IsActive": true,
    "PublicId": null,
    "Avatar": "https://this-person-does-not-exist.com/img/avatar-83e9bb90c3176fa38b66e47fb8c52ded.jpg",
    "CreatedAt": "12/7/2020",
    "UpdatedAt": "1/29/2021",
    "Manager": {
      "Id": "63778b0a-abd0-8375-7e31-5b5add5855fc",
      "BusinessEmail": "Ludwig81@yahoo.com",
      "BusinessPhone": "070072078617",
      "Address": "2840 Camron Street",
      "State": "Idaho",
      "CreatedAt": "2023-01-14T07:54:05.0236153+01:00",
      "UpdatedAt": "2023-01-13T13:40:17.2783423+01:00",
      "IsDeleted": false,
      "AppUserId": "e495a8d1-6fd6-4bc8-b23a-b6d4e6b6623c"
    }
  },
  {
    "id": "390e272d-a264-4d7b-b3af-8bdc2a1f92f3",
    "FirstName": "Alisun",
    "LastName": "Birtley",
    "UserName": "abirtley4",
    "Email": "abirtley4@ucsd.edu",
    "Password": "Pass@123",
    "Phone": "372-617-8700",
    "Gender": "Polygender",
    "Age": 34,
    "IsActive": true,
    "PublicId": null,
    "Avatar": "https://this-person-does-not-exist.com/img/avatar-89ae3803f021d655fee54f074ee23e6a.jpg",
    "CreatedAt": "3/31/2021",
    "UpdatedAt": "10/13/2020",
    "Manager": {
      "Id": "6c7c2f0f-b70e-fbcc-9abe-fd308d99f7e0",
      "BusinessEmail": "Aditya4@gmail.com",
      "BusinessPhone": "070153186430",
      "Address": "52707 Madisen Courts",
      "State": "Washington",
      "CreatedAt": "2023-01-14T01:44:45.3404804+01:00",
      "UpdatedAt": "2023-01-13T09:03:20.3182055+01:00",
      "IsDeleted": false,
      "AppUserId": "390e272d-a264-4d7b-b3af-8bdc2a1f92f3"
    }
  },
  {
    "id": "bd4760cf-c01c-4aac-8fde-4071b238241c",
    "FirstName": "Caro",
    "LastName": "Rolph",
    "UserName": "crolph5",
    "Email": "crolph5@phpbb.com",
    "Password": "Pass@123",
    "Phone": "423-257-4267",
    "Gender": "Female",
    "Age": 21,
    "IsActive": true,
    "PublicId": null,
    "Avatar": "https://this-person-does-not-exist.com/img/avatar-da193cb8e6dacc57a332cf490bd62c24.jpg",
    "CreatedAt": "7/14/2021",
    "UpdatedAt": "5/30/2021",
    "Customer": {
      "Id": "8fd24320-3f79-6765-26b2-ad0c6df5ea09",
      "CreditCard": "u2boluojg9byg9iv",
      "Address": "711 Blick Extension",
      "State": "Kansas",
      "CreatedAt": "2023-01-14T07:29:24.6151029+01:00",
      "UpdatedAt": "2023-01-13T23:18:00.741511+01:00",
      "IsDeleted": false,
      "AppUserId": "bd4760cf-c01c-4aac-8fde-4071b238241c"
    }
  },
  {
    "id": "2ccd5586-51f2-444c-aa63-e13012748dfa",
    "FirstName": "Barbi",
    "LastName": "Screase",
    "UserName": "bscrease6",
    "Email": "bscrease6@jimdo.com",
    "Password": "Pass@123",
    "Phone": "485-153-4991",
    "Gender": "Female",
    "Age": 43,
    "IsActive": false,
    "PublicId": null,
    "Avatar": "https://this-person-does-not-exist.com/img/avatar-11326b4c9a937f583434d806a00047d9.jpg",
    "CreatedAt": "7/8/2021",
    "UpdatedAt": "11/21/2020",
    "Customer": {
      "Id": "586b4865-a995-e467-6762-c2e5c36507e7",
      "CreditCard": "7gx48k721olhur0f",
      "Address": "4467 Karlie Station",
      "State": "Georgia",
      "CreatedAt": "2023-01-13T10:00:42.0204322+01:00",
      "UpdatedAt": "2023-01-14T01:24:30.2154686+01:00",
      "IsDeleted": false,
      "AppUserId": "2ccd5586-51f2-444c-aa63-e13012748dfa"
    }
  },
  {
    "id": "c96777aa-0bbf-416d-aedb-5063abc67590",
    "FirstName": "Waneta",
    "LastName": "Stoile",
    "UserName": "wstoile7",
    "Email": "wstoile7@so-net.ne.jp",
    "Password": "Password@123",
    "Phone": "470-442-4330",
    "Gender": "Male",
    "Age": 28,
    "IsActive": true,
    "PublicId": null,
    "Avatar": "https://images.generated.photos/evY6YgOAki9uzWngEJQXEOtL3Z1l6qkNI1r47L58Zyw/rs:fit:512:512/wm:0.95:sowe:18:18:0.33/czM6Ly9pY29uczgu/Z3Bob3Rvcy1wcm9k/LnBob3Rvcy92M18w/NjAxMzY0LmpwZw.jpg",
    "CreatedAt": "10/19/2020",
    "UpdatedAt": "6/26/2021",
    "Customer": {
      "Id": "cd134faf-f625-4885-337d-bc67bfa7c948",
      "CreditCard": "rufdb4bpvoju0js3",
      "Address": "723 Alene Parks",
      "State": "Ohio",
      "CreatedAt": "2023-01-13T12:45:54.8085823+01:00",
      "UpdatedAt": "2023-01-14T04:40:09.231109+01:00",
      "IsDeleted": false,
      "AppUserId": "c96777aa-0bbf-416d-aedb-5063abc67590"
    }
  },
  {
    "id": "6c0998e8-f505-49c0-8efc-0d5d90a50152",
    "FirstName": "Donaugh",
    "LastName": "Rubery",
    "UserName": "drubery8",
    "Email": "drubery8@auda.org.au",
    "Password": "Pass@123",
    "Phone": "605-833-2286",
    "Gender": "Male",
    "Age": 53,
    "IsActive": true,
    "PublicId": null,
    "Avatar": "https://images.generated.photos/rp0nynooueW_KonJPzeMxDM_2UKgHqB83cjjlKZOhbQ/rs:fit:512:512/wm:0.95:sowe:18:18:0.33/czM6Ly9pY29uczgu/Z3Bob3Rvcy1wcm9k/LnBob3Rvcy92M18w/MDQxNjUyLmpwZw.jpg",
    "CreatedAt": "2/15/2021",
    "UpdatedAt": "3/30/2021",
    "Customer": {
      "Id": "dbca97c9-07a2-ef09-cf75-ed54680dd9db",
      "CreditCard": "m8o8b8fk23skg7r3",
      "Address": "10247 Hallie Dam",
      "State": "New Jersey",
      "CreatedAt": "2023-01-14T08:24:31.0734729+01:00",
      "UpdatedAt": "2023-01-13T18:49:48.3946196+01:00",
      "IsDeleted": false,
      "AppUserId": "6c0998e8-f505-49c0-8efc-0d5d90a50152"
    }
  },
  {
    "id": "ac2df452-4d8b-463a-9303-af2321238879",
    "FirstName": "Denna",
    "LastName": "Dellow",
    "UserName": "ddellow9",
    "Email": "ddellow9@jigsy.com",
    "Password": "Pass@123",
    "Phone": "717-928-7532",
    "Gender": "Female",
    "Age": 60,
    "IsActive": true,
    "PublicId": null,
    "Avatar": "https://this-person-does-not-exist.com/img/avatar-590de50525f6c6b6d2715b3f88189e3b.jpg",
    "CreatedAt": "9/27/2020",
    "UpdatedAt": "5/14/2021",
    "Customer": {
      "Id": "70c851a5-39ab-f335-d33d-da3258ac5263",
      "CreditCard": "k2tae48zb6nbghqh",
      "Address": "7497 Edison Isle",
      "State": "Arizona",
      "CreatedAt": "2023-01-13T15:59:20.5919854+01:00",
      "UpdatedAt": "2023-01-13T22:03:07.1874058+01:00",
      "IsDeleted": false,
      "AppUserId": "ac2df452-4d8b-463a-9303-af2321238879"
    }
  },
  {
    "id": "74f07007-cf49-4d55-bd60-3bdbdbc6c084",
    "FirstName": "Justen",
    "LastName": "Aldington",
    "UserName": "jaldingtona",
    "Email": "jaldingtona@hostgator.com",
    "Password": "Password@123",
    "Phone": "199-986-2648",
    "Gender": "Male",
    "Age": 38,
    "IsActive": true,
    "PublicId": null,
    "Avatar": "https://images.generated.photos/zQ0hBGUJIrKhFLAupgQS2DCvznVa81enAlKA0xN_aEI/rs:fit:512:512/wm:0.95:sowe:18:18:0.33/czM6Ly9pY29uczgu/Z3Bob3Rvcy1wcm9k/LnBob3Rvcy92M18w/ODUwMDk3LmpwZw.jpg",
    "CreatedAt": "7/10/2021",
    "UpdatedAt": "1/16/2021",
    "Customer": {
      "Id": "8481a583-de99-d419-d7c1-51919be11da9",
      "CreditCard": "fomiewkxhu1yatax",
      "Address": "92248 Stone Walk",
      "State": "Rhode Island",
      "CreatedAt": "2023-01-13T22:51:08.0573645+01:00",
      "UpdatedAt": "2023-01-13T23:18:32.8342671+01:00",
      "IsDeleted": false,
      "AppUserId": "74f07007-cf49-4d55-bd60-3bdbdbc6c084"
    }
  },
  {
    "id": "7a535491-de50-445d-a615-7e9a1023e48e",
    "FirstName": "Angie",
    "LastName": "Gerrill",
    "UserName": "agerrillb",
    "Email": "agerrillb@hubpages.com",
    "Password": "Pass@123",
    "Phone": "258-593-9536",
    "Gender": "Female",
    "Age": 46,
    "IsActive": false,
    "PublicId": null,
    "Avatar": "https://this-person-does-not-exist.com/img/avatar-8b9e42f27f71c69a4be829b8f4150cb3.jpg",
    "CreatedAt": "2/19/2021",
    "UpdatedAt": "9/8/2021",
    "Customer": {
      "Id": "574d6ed3-8178-e7f7-808d-867b39b6bcac",
      "CreditCard": "a7wwh2lzmuiqn1wy",
      "Address": "7095 Kaela Avenue",
      "State": "Iowa",
      "CreatedAt": "2023-01-13T14:37:00.9683494+01:00",
      "UpdatedAt": "2023-01-13T12:17:59.7306348+01:00",
      "IsDeleted": false,
      "AppUserId": "7a535491-de50-445d-a615-7e9a1023e48e"
    }
  },
  {
    "id": "846e8182-9829-416d-9b66-e3e51b0206b3",
    "FirstName": "Florence",
    "LastName": "Morales",
    "UserName": "fmoralesc",
    "Email": "fmoralesc@indiegogo.com",
    "Password": "Pass@123",
    "Phone": "349-293-1826",
    "Gender": "Female",
    "Age": 42,
    "IsActive": true,
    "PublicId": null,
    "Avatar": "https://this-person-does-not-exist.com/img/avatar-dc15bdb51e9c84a08446e66127aed422.jpg",
    "CreatedAt": "1/16/2021",
    "UpdatedAt": "1/18/2021",
    "Customer": {
      "Id": "6b5d75a2-5a79-0c5b-8502-41e1b9da1552",
      "CreditCard": "xx59yi8uebcfgr14",
      "Address": "6810 Royal Loaf",
      "State": "New Hampshire",
      "CreatedAt": "2023-01-14T03:32:29.6723202+01:00",
      "UpdatedAt": "2023-01-13T22:32:50.0234149+01:00",
      "IsDeleted": false,
      "AppUserId": "846e8182-9829-416d-9b66-e3e51b0206b3"
    }
  },
  {
    "id": "59d2d94c-79bf-4aaa-825e-d84a6b80e168",
    "FirstName": "Lillian",
    "LastName": "Besnard",
    "UserName": "lbesnardd",
    "Email": "lbesnardd@hud.gov",
    "Password": "Pass@123",
    "Phone": "165-803-8773",
    "Gender": "Female",
    "Age": 35,
    "IsActive": true,
    "PublicId": null,
    "Avatar": "https://this-person-does-not-exist.com/img/avatar-0190a55d7206e5d5f75237c8798e2056.jpg",
    "CreatedAt": "12/30/2020",
    "UpdatedAt": "11/18/2020",
    "Customer": {
      "Id": "48e2a27a-d4dc-70da-cdfc-cf5728d7a0c4",
      "CreditCard": "b219auz7vmc38ss6",
      "Address": "670 Russel Union",
      "State": "Arizona",
      "CreatedAt": "2023-01-14T03:08:30.0043131+01:00",
      "UpdatedAt": "2023-01-13T22:07:17.66913+01:00",
      "IsDeleted": false,
      "AppUserId": "59d2d94c-79bf-4aaa-825e-d84a6b80e168"
    }
  },
  {
    "id": "922daede-c5ba-48c2-84c4-8b58aae2ddc5",
    "FirstName": "Libby",
    "LastName": "Secker",
    "UserName": "lseckere",
    "Email": "lseckere@tiny.cc",
    "Password": "Password@123",
    "Phone": "369-171-9842",
    "Gender": "Female",
    "Age": 46,
    "IsActive": true,
    "PublicId": null,
    "Avatar": "https://this-person-does-not-exist.com/img/avatar-d4d8e3adedd9a797706f6f7708f02242.jpg",
    "CreatedAt": "10/20/2020",
    "UpdatedAt": "6/13/2021",
    "Customer": {
      "Id": "81cc184b-df68-818a-ec9a-6cbe6959ddb0",
      "CreditCard": "ngxc4ucvgqph9vtk",
      "Address": "50932 Wisoky Knolls",
      "State": "Alaska",
      "CreatedAt": "2023-01-14T02:50:59.2072043+01:00",
      "UpdatedAt": "2023-01-14T03:00:52.7505094+01:00",
      "IsDeleted": false,
      "AppUserId": "922daede-c5ba-48c2-84c4-8b58aae2ddc5"
    }
  },
  {
    "id": "d296434c-13bc-4f44-a8d7-4426bf0cbd56",
    "FirstName": "Winne",
    "LastName": "Rootham",
    "UserName": "wroothamf",
    "Email": "wroothamf@nbcnews.com",
    "Password": "Pass@123",
    "Phone": "190-455-7117",
    "Gender": "Female",
    "Age": 34,
    "IsActive": true,
    "PublicId": null,
    "Avatar": "https://this-person-does-not-exist.com/img/avatar-137ef5665db16122c57ef4b05bfb7ad5.jpg",
    "CreatedAt": "8/31/2021",
    "UpdatedAt": "5/27/2021",
    "Customer": {
      "Id": "c8aa2e99-8f18-7397-8938-b62b374c57ec",
      "CreditCard": "4bkb2mtsf7xesonk",
      "Address": "854 Nicola Prairie",
      "State": "Wyoming",
      "CreatedAt": "2023-01-13T20:47:17.1155805+01:00",
      "UpdatedAt": "2023-01-14T03:09:14.0111881+01:00",
      "IsDeleted": false,
      "AppUserId": "d296434c-13bc-4f44-a8d7-4426bf0cbd56"
    }
  },
  {
    "id": "810042ea-ac3c-48c0-a7a2-8a94a192aaea",
    "FirstName": "Anna-diana",
    "LastName": "Dollar",
    "UserName": "adollarg",
    "Email": "adollarg@admin.ch",
    "Password": "Pass@123",
    "Phone": "538-833-9896",
    "Gender": "Female",
    "Age": 48,
    "IsActive": true,
    "PublicId": null,
    "Avatar": "https://this-person-does-not-exist.com/img/avatar-21ff975ad234867d5e6c689fb13e8cf2.jpg",
    "CreatedAt": "10/13/2020",
    "UpdatedAt": "7/6/2021",
    "Customer": {
      "Id": "65dd06f1-9256-4379-ab7a-16367a2e4bee",
      "CreditCard": "ogl91y32mnytwthj",
      "Address": "49389 Ebert Ranch",
      "State": "Arkansas",
      "CreatedAt": "2023-01-13T16:40:46.1342504+01:00",
      "UpdatedAt": "2023-01-13T17:43:18.8629565+01:00",
      "IsDeleted": false,
      "AppUserId": "810042ea-ac3c-48c0-a7a2-8a94a192aaea"
    }
  },
  {
    "id": "d9b0dfd2-6c4b-47f3-ae3d-1d6cea4ad365",
    "FirstName": "Crysta",
    "LastName": "Nerheny",
    "UserName": "cnerhenyh",
    "Email": "cnerhenyh@sciencedaily.com",
    "Password": "Password@123",
    "Phone": "629-408-5819",
    "Gender": "Female",
    "Age": 55,
    "IsActive": true,
    "PublicId": null,
    "Avatar": "https://this-person-does-not-exist.com/img/avatar-5db61be4cf35057e891e2cb427e9e381.jpg",
    "CreatedAt": "6/12/2021",
    "UpdatedAt": "1/29/2021",
    "Customer": {
      "Id": "2da1b50a-628c-4c13-b4a5-377f984c97c0",
      "CreditCard": "et7d0ihlanuckxx3",
      "Address": "84938 Casper Common",
      "State": "Arizona",
      "CreatedAt": "2023-01-14T07:57:33.21801+01:00",
      "UpdatedAt": "2023-01-14T00:02:28.8019204+01:00",
      "IsDeleted": false,
      "AppUserId": "d9b0dfd2-6c4b-47f3-ae3d-1d6cea4ad365"
    }
  },
  {
    "id": "ba4a08e2-62dc-4bfb-bfc9-972ce952102e",
    "FirstName": "Kennith",
    "LastName": "Batalini",
    "UserName": "kbatalinii",
    "Email": "kbatalinii@flavors.me",
    "Password": "Password@123",
    "Phone": "512-599-0752",
    "Gender": "Male",
    "Age": 20,
    "IsActive": true,
    "PublicId": null,
    "Avatar": "https://images.generated.photos/qtwOJwHDYMzHUF2ycnIX_luGJzriyiyEJgYHGBIwkJk/rs:fit:512:512/wm:0.95:sowe:18:18:0.33/czM6Ly9pY29uczgu/Z3Bob3Rvcy1wcm9k/LnBob3Rvcy92M18w/NzM1MjMyLmpwZw.jpg",
    "CreatedAt": "12/7/2020",
    "UpdatedAt": "6/11/2021",
    "Customer": {
      "Id": "6b84487c-290a-22cc-40d5-e548fdb826e2",
      "CreditCard": "c1823ppur4de9vnf",
      "Address": "5918 Kali Valleys",
      "State": "South Dakota",
      "CreatedAt": "2023-01-13T13:43:14.4902355+01:00",
      "UpdatedAt": "2023-01-14T08:33:31.8201652+01:00",
      "IsDeleted": false,
      "AppUserId": "ba4a08e2-62dc-4bfb-bfc9-972ce952102e"
    }
  },
  {
    "id": "d60e65f7-738d-42d8-a960-fccaced0e4a4",
    "FirstName": "Hastie",
    "LastName": "Dwerryhouse",
    "UserName": "hdwerryhousej",
    "Email": "hdwerryhousej@blinklist.com",
    "Password": "Pass@123",
    "Phone": "576-287-2713",
    "Gender": "Female",
    "Age": 52,
    "IsActive": false,
    "PublicId": null,
    "Avatar": "https://this-person-does-not-exist.com/img/avatar-e3497a5b3ef70d9bb7dfb4749e33ca43.jpg",
    "CreatedAt": "2/5/2021",
    "UpdatedAt": "2/19/2021",
    "Customer": {
      "Id": "2d16c229-9d00-ce9b-5a0d-d7f47513a9f3",
      "CreditCard": "z5xxm8g3cj931lz4",
      "Address": "7704 Cameron Trail",
      "State": "Tennessee",
      "CreatedAt": "2023-01-13T16:04:41.4686019+01:00",
      "UpdatedAt": "2023-01-13T23:01:49.1719188+01:00",
      "IsDeleted": false,
      "AppUserId": "d60e65f7-738d-42d8-a960-fccaced0e4a4"
    }
  }
]